Model,Family,Target,n_params,R2_5fold,RMSE_5fold,R2_LOO,RMSE_LOO,R2_LOBO,RMSE_LOBO,Notes
Classical HP,classical,YS,2,0.4049422433053387,62.57007847347435,0.40597420252879757,62.51579988651059,0.372522561797923,64.25193283623604,YS = sigma_0 + k * d^-1/2 (Hall-Petch baseline)
Power-law HP,classical,YS,3,0.40091443016446116,62.78148278755536,0.39686222287661754,62.99345153460766,0.35785028008886544,64.99879240043764,YS = sigma_0 + k * d^-n with n fitted (3 params)
M3 (sigma_0(7 elem) + k*d^-1/2),linear,YS,9,0.66574825811178,46.894723433596845,0.6524897070240352,47.81575037837368,0.6245751564253905,49.699113661832094,sigma_0 linear in 7 element fractions; constant k_HP
"PCA-OLS (curated Wen + SD_grain, 6 PCs)",linear,YS,7,0.5246116245131117,55.92569865463788,0.5158631202084729,56.43794899925972,0.4413735026797502,60.62446306352346,PCA-OLS baseline; 6 PCs retain ~88% input variance
Compact YS equation (refit),symbolic,YS,4,0.738308036706125,41.49371618116475,0.7297769082752912,42.16463727448718,0.6450069624948994,48.32780350840806,Form-frozen refit of YS = VEC*(c1*dH*SD/(d^2*dchi) + c2/dchi + c3)
Compact HV elbow (refit),symbolic,HV,3,0.7254603456165952,17.496834003003144,0.7266350397876608,17.459361343519998,0.6356118499804639,20.15761067016391,Form-frozen refit of HV = c0 + c1*(6.93-d)/SD + c2*dH/t^2
Classical HP,classical,HV,2,0.08620004124523495,31.921441680164858,0.13561772343698708,31.046300517991714,-0.07705247841890706,34.65575482317663,HV = H_0 + k_H * d^-1/2
