feature,reconstructed_importance,abs_importance
RecrystT,-23.920428074131053,23.920428074131053
dH_mix,-19.654797771731758,19.654797771731758
delta,18.541652554096732,18.541652554096732
d_inv_sqrt,13.208325736046202,13.208325736046202
dS_mix,-12.796147586064299,12.796147586064299
Omega,-11.410342841810515,11.410342841810515
delta_chi,6.690160351585642,6.690160351585642
HoldTime,3.4206249514213027,3.4206249514213027
VEC,2.793681306538106,2.793681306538106
SD_GS,-2.716811329087207,2.716811329087207
ColdWork,2.3279708443707925,2.3279708443707925
