complexity,loss,equation,score,sympy_format,lambda_format,full_r2,full_mse
1,1115.0996,133.88081,0.0,133.880810000000,PySRFunction(X=>133.880810000000),-3.027094197527447e-08,1115.100148586311
3,1113.8728,d_inv_sqrt + 133.73756,0.0005503882075332052,d_inv_sqrt + 133.73756,PySRFunction(X=>d_inv_sqrt + 133.73756),0.001100310087488121,1113.873158926272
5,926.9244,86.74431 - (d_inv_sqrt * -306.19998),0.09186311100091228,86.74431 - (-306.19998)*d_inv_sqrt,PySRFunction(X=>86.74431 - (-306.19998)*d_inv_sqrt),0.16875194539731297,926.9248011406513
7,672.0135,d_inv_sqrt * ((SD_GS * 6.264169) - -645.3367),0.16079678961753038,d_inv_sqrt*(SD_GS*6.264169 - 1*(-645.3367)),PySRFunction(X=>d_inv_sqrt*(SD_GS*6.264169 - 1*(-645.3367))),0.39735112173045894,672.013833361247
9,666.8936,(d_inv_sqrt * ((SD_GS * 5.641132) - -584.73444)) - -13.115981,0.003823958328019967,d_inv_sqrt*(SD_GS*5.641132 - 1*(-584.73444)) - 1*(-13.115981),PySRFunction(X=>d_inv_sqrt*(SD_GS*5.641132 - 1*(-584.73444)) - 1*(-13.115981)),0.4019426601262662,666.8938083688306
11,597.1347,(-34.227467 / ((SD_GS - -16.258295) * (d_inv_sqrt + -0.3246039))) * SD_GS,0.05524389843396613,-34.227467*SD_GS/((SD_GS - 1*(-16.258295))*(d_inv_sqrt - 0.3246039)),PySRFunction(X=>-34.227467*SD_GS/((SD_GS - 1*(-16.258295))*(d_inv_sqrt - 0.3246039))),0.4645011099027987,597.1348738393585
13,489.2911,64.04944 + (((-417.35773 / d_inv_sqrt) / SD_GS) - (d_inv_sqrt * (0.35953566 - 1081.4673))),0.09959255360170112,-d_inv_sqrt*(0.35953566 - 1*1081.4673) + 64.04944 - 417.35773/(SD_GS*d_inv_sqrt),PySRFunction(X=>-d_inv_sqrt*(0.35953566 - 1*1081.4673) + 64.04944 - 417.35773/(SD_GS*d_inv_sqrt)),0.5612133150632965,489.29108275931094
15,446.785,(164.48465 + ((-70.34916 / d_inv_sqrt) / (SD_GS * d_inv_sqrt))) - (d_inv_sqrt * (0.11585118 - 474.4583)),0.04544005715812536,-d_inv_sqrt*(0.11585118 - 1*474.4583) + 164.48465 - 70.34916/(d_inv_sqrt*(SD_GS*d_inv_sqrt)),PySRFunction(X=>-d_inv_sqrt*(0.11585118 - 1*474.4583) + 164.48465 - 70.34916/(d_inv_sqrt*(SD_GS*d_inv_sqrt))),0.5993319524143446,446.784985871949
