complexity,loss,equation,score,sympy_format,lambda_format,full_r2,full_mse
1,6579.216,268.50946,0.0,268.509460000000,PySRFunction(X=>268.509460000000),-1.781787384302902e-08,6579.218144605862
3,4347.651,d_inv_sqrt * 1702.8094,0.2071399450270869,d_inv_sqrt*1702.8094,PySRFunction(X=>d_inv_sqrt*1702.8094),0.33918401739001325,4347.652425567255
5,3753.7815,(d_inv_sqrt * 1182.4805) + 86.7994,0.07343598367974907,d_inv_sqrt*1182.4805 + 86.7994,PySRFunction(X=>d_inv_sqrt*1182.4805 + 86.7994),0.4294484350778971,3753.783141484335
7,3251.7903,(1497.5161 - (SD_GS * -7.109719)) * d_inv_sqrt,0.07177901283849927,d_inv_sqrt*(1497.5161 - (-7.109719)*SD_GS),PySRFunction(X=>d_inv_sqrt*(1497.5161 - (-7.109719)*SD_GS)),0.5057479757859835,3251.791827777017
9,3122.7903,(((SD_GS * d_inv_sqrt) * 82.38163) - -1346.8342) * d_inv_sqrt,0.020239388569583815,d_inv_sqrt*(SD_GS*d_inv_sqrt*82.38163 - 1*(-1346.8342)),PySRFunction(X=>d_inv_sqrt*(SD_GS*d_inv_sqrt*82.38163 - 1*(-1346.8342))),0.5253552508084787,3122.7912904812542
11,3115.9172,(d_inv_sqrt * (((SD_GS * 77.248436) * d_inv_sqrt) - -1296.1638)) - -12.153759,0.0011016869729282464,d_inv_sqrt*(SD_GS*77.248436*d_inv_sqrt - 1*(-1296.1638)) - 1*(-12.153759),PySRFunction(X=>d_inv_sqrt*(SD_GS*77.248436*d_inv_sqrt - 1*(-1296.1638)) - 1*(-12.153759)),0.5263998768338927,3115.918468102983
13,3115.7917,(d_inv_sqrt * ((((SD_GS - -4.653256) * d_inv_sqrt) * 75.466446) - -1175.5422)) - -23.186834,2.0138938135657367e-05,d_inv_sqrt*((SD_GS - 1*(-4.653256))*d_inv_sqrt*75.466446 - 1*(-1175.5422)) - 1*(-23.186834),PySRFunction(X=>d_inv_sqrt*((SD_GS - 1*(-4.653256))*d_inv_sqrt*75.466446 - 1*(-1175.5422)) - 1*(-23.186834)),0.5264191618339662,3115.791587882841
15,3115.7769,((d_inv_sqrt * ((((SD_GS - -4.653256) * d_inv_sqrt) * 75.466446) - -1175.5422)) - -23.186834) + -0.31766254,2.3750039437133255e-06,d_inv_sqrt*((SD_GS - 1*(-4.653256))*d_inv_sqrt*75.466446 - 1*(-1175.5422)) - 0.31766254 - 1*(-23.186834),PySRFunction(X=>d_inv_sqrt*((SD_GS - 1*(-4.653256))*d_inv_sqrt*75.466446 - 1*(-1175.5422)) - 0.31766254 - 1*(-23.186834)),0.5264213577591148,3115.777140412516
